"Mes","IPC","DTF","usura E.A.","usura M.V.","usura-DTF","usura-IPC"
"7/1/1955","-0.87%","","","","",""
"8/1/1955","-0.01%","","","","",""
"9/1/1955","0.84%","","","","",""
"10/1/1955","0.77%","","","","",""
"11/1/1955","1.44%","","","","",""
"12/1/1955","2.03%","","","","",""
"1/1/1956","2.10%","","","","",""
"2/1/1956","2.57%","","","","",""
"3/1/1956","3.10%","","","","",""
"4/1/1956","3.04%","","","","",""
"5/1/1956","4.25%","","","","",""
"6/1/1956","5.28%","","","","",""
"7/1/1956","6.36%","","","","",""
"8/1/1956","5.76%","","","","",""
"9/1/1956","7.26%","","","","",""
"10/1/1956","8.31%","","","","",""
"11/1/1956","8.83%","","","","",""
"12/1/1956","7.91%","","","","",""
"1/1/1957","9.30%","","","","",""
"2/1/1957","10.30%","","","","",""
"3/1/1957","11.21%","","","","",""
"4/1/1957","12.97%","","","","",""
"5/1/1957","13.58%","","","","",""
"6/1/1957","17.15%","","","","",""
"7/1/1957","19.39%","","","","",""
"8/1/1957","21.43%","","","","",""
"9/1/1957","20.93%","","","","",""
"10/1/1957","21.17%","","","","",""
"11/1/1957","19.84%","","","","",""
"12/1/1957","20.69%","","","","",""
"1/1/1958","19.46%","","","","",""
"2/1/1958","18.05%","","","","",""
"3/1/1958","17.86%","","","","",""
"4/1/1958","17.24%","","","","",""
"5/1/1958","18.06%","","","","",""
"6/1/1958","13.90%","","","","",""
"7/1/1958","10.99%","","","","",""
"8/1/1958","10.47%","","","","",""
"9/1/1958","10.14%","","","","",""
"10/1/1958","8.92%","","","","",""
"11/1/1958","8.54%","","","","",""
"12/1/1958","7.98%","","","","",""
"1/1/1959","9.47%","","","","",""
"2/1/1959","10.34%","","","","",""
"3/1/1959","9.09%","","","","",""
"4/1/1959","8.96%","","","","",""
"5/1/1959","7.62%","","","","",""
"6/1/1959","7.87%","","","","",""
"7/1/1959","8.41%","","","","",""
"8/1/1959","7.78%","","","","",""
"9/1/1959","7.23%","","","","",""
"10/1/1959","7.14%","","","","",""
"11/1/1959","7.42%","","","","",""
"12/1/1959","7.81%","","","","",""
"1/1/1960","6.52%","","","","",""
"2/1/1960","5.24%","","","","",""
"3/1/1960","6.14%","","","","",""
"4/1/1960","5.49%","","","","",""
"5/1/1960","5.52%","","","","",""
"6/1/1960","4.93%","","","","",""
"7/1/1960","4.79%","","","","",""
"8/1/1960","4.96%","","","","",""
"9/1/1960","5.57%","","","","",""
"10/1/1960","6.12%","","","","",""
"11/1/1960","7.13%","","","","",""
"12/1/1960","7.35%","","","","",""
"1/1/1961","7.59%","","","","",""
"2/1/1961","8.36%","","","","",""
"3/1/1961","8.70%","","","","",""
"4/1/1961","9.87%","","","","",""
"5/1/1961","10.23%","","","","",""
"6/1/1961","10.27%","","","","",""
"7/1/1961","10.03%","","","","",""
"8/1/1961","8.40%","","","","",""
"9/1/1961","7.47%","","","","",""
"10/1/1961","6.81%","","","","",""
"11/1/1961","6.13%","","","","",""
"12/1/1961","5.74%","","","","",""
"1/1/1962","5.63%","","","","",""
"2/1/1962","5.29%","","","","",""
"3/1/1962","4.54%","","","","",""
"4/1/1962","3.66%","","","","",""
"5/1/1962","2.63%","","","","",""
"6/1/1962","2.57%","","","","",""
"7/1/1962","3.30%","","","","",""
"8/1/1962","4.55%","","","","",""
"9/1/1962","5.85%","","","","",""
"10/1/1962","6.01%","","","","",""
"11/1/1962","6.15%","","","","",""
"12/1/1962","6.30%","","","","",""
"1/1/1963","9.79%","","","","",""
"2/1/1963","16.34%","","","","",""
"3/1/1963","21.29%","","","","",""
"4/1/1963","25.08%","","","","",""
"5/1/1963","26.52%","","","","",""
"6/1/1963","29.24%","","","","",""
"7/1/1963","28.99%","","","","",""
"8/1/1963","29.28%","","","","",""
"9/1/1963","29.83%","","","","",""
"10/1/1963","31.55%","","","","",""
"11/1/1963","33.44%","","","","",""
"12/1/1963","33.60%","","","","",""
"1/1/1964","30.67%","","","","",""
"2/1/1964","23.88%","","","","",""
"3/1/1964","20.51%","","","","",""
"4/1/1964","18.18%","","","","",""
"5/1/1964","20.43%","","","","",""
"6/1/1964","19.58%","","","","",""
"7/1/1964","17.67%","","","","",""
"8/1/1964","15.63%","","","","",""
"9/1/1964","13.70%","","","","",""
"10/1/1964","11.01%","","","","",""
"11/1/1964","9.62%","","","","",""
"12/1/1964","8.80%","","","","",""
"1/1/1965","8.75%","","","","",""
"2/1/1965","7.10%","","","","",""
"3/1/1965","6.16%","","","","",""
"4/1/1965","5.57%","","","","",""
"5/1/1965","3.60%","","","","",""
"6/1/1965","3.61%","","","","",""
"7/1/1965","4.57%","","","","",""
"8/1/1965","6.37%","","","","",""
"9/1/1965","8.05%","","","","",""
"10/1/1965","11.23%","","","","",""
"11/1/1965","11.86%","","","","",""
"12/1/1965","14.44%","","","","",""
"1/1/1966","14.30%","","","","",""
"2/1/1966","16.90%","","","","",""
"3/1/1966","18.09%","","","","",""
"4/1/1966","19.51%","","","","",""
"5/1/1966","19.42%","","","","",""
"6/1/1966","17.56%","","","","",""
"7/1/1966","17.58%","","","","",""
"8/1/1966","17.04%","","","","",""
"9/1/1966","17.24%","","","","",""
"10/1/1966","16.00%","","","","",""
"11/1/1966","14.70%","","","","",""
"12/1/1966","12.86%","","","","",""
"1/1/1967","12.01%","","","","",""
"2/1/1967","11.09%","","","","",""
"3/1/1967","9.62%","","","","",""
"4/1/1967","6.87%","","","","",""
"5/1/1967","6.30%","","","","",""
"6/1/1967","8.24%","","","","",""
"7/1/1967","8.30%","","","","",""
"8/1/1967","8.40%","","","","",""
"9/1/1967","7.60%","","","","",""
"10/1/1967","7.28%","","","","",""
"11/1/1967","7.60%","","","","",""
"12/1/1967","7.17%","","","","",""
"1/1/1968","7.68%","","","","",""
"2/1/1968","7.18%","","","","",""
"3/1/1968","7.14%","","","","",""
"4/1/1968","8.48%","","","","",""
"5/1/1968","8.52%","","","","",""
"6/1/1968","7.04%","","","","",""
"7/1/1968","7.73%","","","","",""
"8/1/1968","7.65%","","","","",""
"9/1/1968","7.43%","","","","",""
"10/1/1968","6.97%","","","","",""
"11/1/1968","7.12%","","","","",""
"12/1/1968","6.51%","","","","",""
"1/1/1969","6.71%","","","","",""
"2/1/1969","6.41%","","","","",""
"3/1/1969","6.17%","","","","",""
"4/1/1969","6.18%","","","","",""
"5/1/1969","6.42%","","","","",""
"6/1/1969","6.58%","","","","",""
"7/1/1969","6.16%","","","","",""
"8/1/1969","6.81%","","","","",""
"9/1/1969","7.35%","","","","",""
"10/1/1969","8.37%","","","","",""
"11/1/1969","7.89%","","","","",""
"12/1/1969","8.63%","","","","",""
"1/1/1970","7.36%","","","","",""
"2/1/1970","7.69%","","","","",""
"3/1/1970","7.72%","","","","",""
"4/1/1970","7.43%","","","","",""
"5/1/1970","7.01%","","","","",""
"6/1/1970","7.56%","","","","",""
"7/1/1970","7.44%","","","","",""
"8/1/1970","6.43%","","","","",""
"9/1/1970","6.51%","","","","",""
"10/1/1970","5.22%","","","","",""
"11/1/1970","6.12%","","","","",""
"12/1/1970","6.58%","","","","",""
"1/1/1971","8.26%","","","","",""
"2/1/1971","9.15%","","","","",""
"3/1/1971","9.30%","","","","",""
"4/1/1971","9.78%","","","","",""
"5/1/1971","10.54%","","","","",""
"6/1/1971","10.00%","","","","",""
"7/1/1971","11.19%","","","","",""
"8/1/1971","13.03%","","","","",""
"9/1/1971","13.14%","","","","",""
"10/1/1971","14.65%","","","","",""
"11/1/1971","14.60%","","","","",""
"12/1/1971","14.03%","","","","",""
"1/1/1972","13.50%","","","","",""
"2/1/1972","13.84%","","","","",""
"3/1/1972","13.83%","","","","",""
"4/1/1972","13.46%","","","","",""
"5/1/1972","13.02%","","","","",""
"6/1/1972","13.57%","","","","",""
"7/1/1972","13.34%","","","","",""
"8/1/1972","12.90%","","","","",""
"9/1/1972","13.60%","","","","",""
"10/1/1972","14.24%","","","","",""
"11/1/1972","14.31%","","","","",""
"12/1/1972","13.99%","","","","",""
"1/1/1973","13.95%","","","","",""
"2/1/1973","14.94%","","","","",""
"3/1/1973","17.75%","","","","",""
"4/1/1973","20.09%","","","","",""
"5/1/1973","22.70%","","","","",""
"6/1/1973","23.77%","","","","",""
"7/1/1973","24.78%","","","","",""
"8/1/1973","23.44%","","","","",""
"9/1/1973","23.36%","","","","",""
"10/1/1973","21.64%","","","","",""
"11/1/1973","22.89%","","","","",""
"12/1/1973","24.08%","","","","",""
"1/1/1974","26.28%","","","","",""
"2/1/1974","26.91%","","","","",""
"3/1/1974","26.70%","","","","",""
"4/1/1974","25.73%","","","","",""
"5/1/1974","23.53%","","","","",""
"6/1/1974","22.45%","","","","",""
"7/1/1974","21.20%","","","","",""
"8/1/1974","22.06%","","","","",""
"9/1/1974","22.26%","","","","",""
"10/1/1974","26.70%","","","","",""
"11/1/1974","25.42%","","","","",""
"12/1/1974","26.35%","","","","",""
"1/1/1975","26.36%","","","","",""
"2/1/1975","25.29%","","","","",""
"3/1/1975","24.63%","","","","",""
"4/1/1975","24.39%","","","","",""
"5/1/1975","25.18%","","","","",""
"6/1/1975","24.80%","","","","",""
"7/1/1975","24.36%","","","","",""
"8/1/1975","23.99%","","","","",""
"9/1/1975","23.75%","","","","",""
"10/1/1975","19.91%","","","","",""
"11/1/1975","19.25%","","","","",""
"12/1/1975","17.77%","","","","",""
"1/1/1976","17.11%","","","","",""
"2/1/1976","17.86%","","","","",""
"3/1/1976","17.12%","","","","",""
"4/1/1976","16.35%","","","","",""
"5/1/1976","15.69%","","","","",""
"6/1/1976","17.73%","","","","",""
"7/1/1976","20.08%","","","","",""
"8/1/1976","21.82%","","","","",""
"9/1/1976","22.27%","","","","",""
"10/1/1976","23.04%","","","","",""
"11/1/1976","25.31%","","","","",""
"12/1/1976","25.76%","","","","",""
"1/1/1977","25.72%","","","","",""
"2/1/1977","27.53%","","","","",""
"3/1/1977","29.91%","","","","",""
"4/1/1977","36.63%","","","","",""
"5/1/1977","40.85%","","","","",""
"6/1/1977","41.65%","","","","",""
"7/1/1977","39.45%","","","","",""
"8/1/1977","37.01%","","","","",""
"9/1/1977","34.87%","","","","",""
"10/1/1977","32.40%","","","","",""
"11/1/1977","29.44%","","","","",""
"12/1/1977","28.71%","","","","",""
"1/1/1978","27.22%","","","","",""
"2/1/1978","24.36%","","","","",""
"3/1/1978","23.40%","","","","",""
"4/1/1978","17.08%","","","","",""
"5/1/1978","14.75%","","","","",""
"6/1/1978","14.13%","","","","",""
"7/1/1978","12.69%","","","","",""
"8/1/1978","13.21%","","","","",""
"9/1/1978","13.53%","","","","",""
"10/1/1978","16.16%","","","","",""
"11/1/1978","17.62%","","","","",""
"12/1/1978","18.42%","","","","",""
"1/1/1979","21.04%","","","","",""
"2/1/1979","21.49%","","","","",""
"3/1/1979","22.53%","","","","",""
"4/1/1979","22.79%","","","","",""
"5/1/1979","22.61%","","","","",""
"6/1/1979","21.57%","","","","",""
"7/1/1979","23.47%","","","","",""
"8/1/1979","25.51%","","","","",""
"9/1/1979","27.71%","","","","",""
"10/1/1979","26.87%","","","","",""
"11/1/1979","28.15%","","","","",""
"12/1/1979","28.80%","","","","",""
"1/1/1980","27.59%","","","","",""
"2/1/1980","26.62%","","","","",""
"3/1/1980","24.20%","","","","",""
"4/1/1980","26.64%","","","","",""
"5/1/1980","28.27%","","","","",""
"6/1/1980","27.72%","","","","",""
"7/1/1980","27.37%","","","","",""
"8/1/1980","26.13%","","","","",""
"9/1/1980","25.49%","","","","",""
"10/1/1980","26.52%","","","","",""
"11/1/1980","26.20%","","","","",""
"12/1/1980","25.85%","","","","",""
"1/1/1981","25.67%","","","","",""
"2/1/1981","28.00%","","","","",""
"3/1/1981","28.82%","","","","",""
"4/1/1981","27.05%","","","","",""
"5/1/1981","26.02%","","","","",""
"6/1/1981","27.87%","","","","",""
"7/1/1981","28.93%","","","","",""
"8/1/1981","29.52%","","","","",""
"9/1/1981","28.33%","","","","",""
"10/1/1981","27.10%","","","","",""
"11/1/1981","26.35%","","","","",""
"12/1/1981","26.36%","","","","",""
"1/1/1982","26.03%","","","","",""
"2/1/1982","25.10%","","","","",""
"3/1/1982","24.55%","","","","",""
"4/1/1982","24.77%","","","","",""
"5/1/1982","24.78%","","","","",""
"6/1/1982","24.19%","","","","",""
"7/1/1982","23.54%","","","","",""
"8/1/1982","23.46%","","","","",""
"9/1/1982","24.52%","","","","",""
"10/1/1982","25.26%","","","","",""
"11/1/1982","24.79%","","","","",""
"12/1/1982","24.03%","","","","",""
"1/1/1983","23.08%","","","","",""
"2/1/1983","21.88%","","","","",""
"3/1/1983","21.85%","","","","",""
"4/1/1983","22.42%","","","","",""
"5/1/1983","22.28%","","","","",""
"6/1/1983","20.46%","","","","",""
"7/1/1983","19.82%","","","","",""
"8/1/1983","18.32%","","","","",""
"9/1/1983","17.42%","","","","",""
"10/1/1983","17.20%","","","","",""
"11/1/1983","17.04%","","","","",""
"12/1/1983","16.64%","","","","",""
"1/1/1984","17.02%","","","","",""
"2/1/1984","17.20%","","","","",""
"3/1/1984","16.64%","","","","",""
"4/1/1984","15.42%","","","","",""
"5/1/1984","14.16%","","","","",""
"6/1/1984","15.17%","","","","",""
"7/1/1984","15.67%","","","","",""
"8/1/1984","16.19%","","","","",""
"9/1/1984","16.51%","","","","",""
"10/1/1984","15.27%","","","","",""
"11/1/1984","16.39%","","","","",""
"12/1/1984","18.28%","","","","",""
"1/1/1985","19.27%","","","","",""
"2/1/1985","21.24%","","","","",""
"3/1/1985","22.82%","","","","",""
"4/1/1985","23.81%","","","","",""
"5/1/1985","27.61%","","","","",""
"6/1/1985","27.91%","","","","",""
"7/1/1985","25.64%","","","","",""
"8/1/1985","24.67%","","","","",""
"9/1/1985","24.40%","","","","",""
"10/1/1985","24.77%","","","","",""
"11/1/1985","23.49%","","","","",""
"12/1/1985","22.45%","","","","",""
"1/1/1986","23.55%","34.82%","","","",""
"2/1/1986","23.72%","30.93%","","","",""
"3/1/1986","22.65%","30.67%","","","",""
"4/1/1986","22.54%","30.41%","","","",""
"5/1/1986","16.40%","30.43%","","","",""
"6/1/1986","13.46%","30.47%","","","",""
"7/1/1986","14.11%","31.10%","","","",""
"8/1/1986","16.17%","31.28%","","","",""
"9/1/1986","16.79%","31.24%","","","",""
"10/1/1986","18.17%","31.37%","","","",""
"11/1/1986","19.54%","31.79%","","","",""
"12/1/1986","20.95%","31.83%","","","",""
"1/1/1987","21.09%","31.58%","","","",""
"2/1/1987","19.77%","30.33%","","","",""
"3/1/1987","20.36%","29.97%","","","",""
"4/1/1987","19.80%","29.80%","","","",""
"5/1/1987","22.73%","29.94%","","","",""
"6/1/1987","24.81%","29.68%","","","",""
"7/1/1987","26.65%","30.33%","","","",""
"8/1/1987","25.27%","30.56%","","","",""
"9/1/1987","25.01%","30.79%","","","",""
"10/1/1987","24.80%","31.37%","","","",""
"11/1/1987","24.73%","32.31%","","","",""
"12/1/1987","24.02%","32.82%","","","",""
"1/1/1988","23.70%","31.35%","","","",""
"2/1/1988","26.13%","32.95%","","","",""
"3/1/1988","26.36%","33.86%","","","",""
"4/1/1988","28.41%","34.75%","","","",""
"5/1/1988","28.44%","35.23%","","","",""
"6/1/1988","30.27%","34.85%","","","",""
"7/1/1988","30.26%","35.20%","","","",""
"8/1/1988","29.65%","35.22%","","","",""
"9/1/1988","29.00%","32.21%","","","",""
"10/1/1988","28.59%","31.79%","","","",""
"11/1/1988","27.68%","31.85%","","","",""
"12/1/1988","28.12%","32.25%","","","",""
"1/1/1989","27.91%","32.23%","","","",""
"2/1/1989","27.03%","32.98%","","","",""
"3/1/1989","26.53%","33.23%","","","",""
"4/1/1989","24.85%","33.68%","","","",""
"5/1/1989","24.88%","33.67%","","","",""
"6/1/1989","23.63%","33.89%","","","",""
"7/1/1989","23.76%","33.91%","","","",""
"8/1/1989","25.69%","33.99%","","","",""
"9/1/1989","26.55%","33.62%","","","",""
"10/1/1989","26.61%","33.97%","","","",""
"11/1/1989","27.09%","34.62%","","","",""
"12/1/1989","26.12%","34.94%","","","",""
"1/1/1990","26.69%","34.42%","","","",""
"2/1/1990","27.12%","34.15%","","","",""
"3/1/1990","27.63%","34.65%","","","",""
"4/1/1990","27.98%","35.76%","","","",""
"5/1/1990","28.24%","35.76%","","","",""
"6/1/1990","28.97%","36.23%","","","",""
"7/1/1990","28.72%","37.59%","","","",""
"8/1/1990","28.98%","37.11%","","","",""
"9/1/1990","30.24%","37.56%","","","",""
"10/1/1990","30.65%","37.94%","","","",""
"11/1/1990","30.97%","37.67%","","","",""
"12/1/1990","32.36%","38.45%","","","",""
"1/1/1991","31.98%","35.89%","","","",""
"2/1/1991","31.65%","34.99%","","","",""
"3/1/1991","31.18%","36.48%","","","",""
"4/1/1991","31.16%","37.99%","","","",""
"5/1/1991","31.49%","36.69%","","","",""
"6/1/1991","31.00%","36.54%","","","",""
"7/1/1991","31.60%","37.49%","","","",""
"8/1/1991","31.20%","38.32%","","","",""
"9/1/1991","30.01%","39.27%","","","",""
"10/1/1991","29.25%","38.09%","","","",""
"11/1/1991","28.22%","37.97%","","","",""
"12/1/1991","26.82%","36.98%","","","",""
"1/1/1992","27.43%","32.69%","","","",""
"2/1/1992","27.35%","28.86%","","","",""
"3/1/1992","27.08%","28.28%","","","",""
"4/1/1992","27.15%","26.75%","","","",""
"5/1/1992","27.30%","24.27%","","","",""
"6/1/1992","28.13%","22.75%","","","",""
"7/1/1992","28.36%","21.89%","","","",""
"8/1/1992","27.70%","25.32%","","","",""
"9/1/1992","26.92%","27.32%","","","",""
"10/1/1992","26.32%","27.61%","","","",""
"11/1/1992","25.70%","26.90%","","","",""
"12/1/1992","25.13%","27.42%","","","",""
"1/1/1993","24.82%","26.27%","","","",""
"2/1/1993","24.71%","26.29%","","","",""
"3/1/1993","24.18%","26.80%","","","",""
"4/1/1993","23.08%","26.71%","","","",""
"5/1/1993","22.21%","26.42%","","","",""
"6/1/1993","21.38%","26.48%","","","",""
"7/1/1993","20.46%","25.34%","","","",""
"8/1/1993","21.07%","24.44%","","","",""
"9/1/1993","21.43%","24.37%","","","",""
"10/1/1993","21.69%","24.90%","","","",""
"11/1/1993","22.37%","25.48%","","","",""
"12/1/1993","22.60%","26.49%","","","",""
"1/1/1994","22.50%","25.82%","","","",""
"2/1/1994","23.01%","25.26%","","","",""
"3/1/1994","23.41%","25.34%","","","",""
"4/1/1994","23.94%","25.31%","","","",""
"5/1/1994","23.86%","26.21%","","","",""
"6/1/1994","23.08%","28.25%","","","",""
"7/1/1994","22.69%","29.15%","","","",""
"8/1/1994","22.35%","30.69%","","","",""
"9/1/1994","22.31%","30.84%","","","",""
"10/1/1994","22.37%","32.53%","","","",""
"11/1/1994","22.16%","35.69%","","","",""
"12/1/1994","22.59%","37.90%","","","",""
"1/1/1995","21.04%","32.28%","","","",""
"2/1/1995","20.86%","34.25%","","","",""
"3/1/1995","21.33%","35.21%","","","",""
"4/1/1995","21.17%","35.69%","","","",""
"5/1/1995","21.30%","34.78%","","","",""
"6/1/1995","21.66%","34.02%","","","",""
"7/1/1995","21.50%","30.18%","","","",""
"8/1/1995","21.09%","29.13%","","","",""
"9/1/1995","20.79%","30.08%","","","",""
"10/1/1995","20.52%","29.38%","","","",""
"11/1/1995","20.13%","29.64%","","","",""
"12/1/1995","19.46%","33.42%","","","",""
"1/1/1996","20.24%","32.52%","","","",""
"2/1/1996","20.81%","33.10%","","","",""
"3/1/1996","20.20%","33.64%","","","",""
"4/1/1996","19.90%","33.63%","","","",""
"5/1/1996","19.78%","32.11%","","","",""
"6/1/1996","19.70%","32.14%","","","",""
"7/1/1996","20.57%","32.41%","","","",""
"8/1/1996","21.13%","30.36%","","","",""
"9/1/1996","21.55%","28.44%","","","",""
"10/1/1996","21.87%","28.72%","","","",""
"11/1/1996","21.88%","28.54%","","","",""
"12/1/1996","21.63%","28.05%","","","",""
"1/1/1997","20.62%","26.50%","","","",""
"2/1/1997","19.58%","25.42%","","","",""
"3/1/1997","18.93%","25.50%","","","",""
"4/1/1997","18.52%","24.74%","","","",""
"5/1/1997","18.60%","23.59%","","","",""
"6/1/1997","18.67%","23.22%","","","",""
"7/1/1997","17.88%","23.16%","54.75%","3.71%","31.59%","36.87%"
"8/1/1997","17.93%","22.99%","47.76%","3.31%","24.77%","29.83%"
"9/1/1997","18.01%","22.85%","46.99%","3.26%","24.14%","28.98%"
"10/1/1997","17.80%","23.24%","47.20%","3.27%","23.96%","29.40%"
"11/1/1997","17.81%","24.01%","47.61%","3.30%","23.60%","29.80%"
"12/1/1997","17.68%","24.32%","47.54%","3.29%","23.22%","29.86%"
"1/1/1998","17.84%","24.59%","48.84%","3.37%","24.25%","31.00%"
"2/1/1998","18.03%","25.04%","48.23%","3.33%","23.18%","30.20%"
"3/1/1998","19.24%","27.97%","54.42%","3.69%","26.45%","35.18%"
"4/1/1998","20.74%","30.72%","57.58%","3.86%","26.86%","36.84%"
"5/1/1998","20.67%","31.67%","59.27%","3.95%","27.60%","38.59%"
"6/1/1998","20.69%","36.56%","71.75%","4.61%","35.19%","51.06%"
"7/1/1998","20.27%","36.43%","72.61%","4.65%","36.18%","52.34%"
"8/1/1998","18.94%","34.16%","64.80%","4.25%","30.64%","45.86%"
"9/1/1998","17.80%","35.62%","69.00%","4.47%","33.38%","51.20%"
"10/1/1998","17.09%","36.53%","74.98%","4.77%","38.45%","57.90%"
"11/1/1998","16.35%","36.43%","71.56%","4.60%","35.13%","55.22%"
"12/1/1998","16.70%","35.28%","68.23%","4.43%","32.95%","51.53%"
"1/1/1999","17.18%","33.23%","63.59%","4.19%","30.36%","46.41%"
"2/1/1999","15.38%","30.25%","61.48%","4.07%","31.24%","46.10%"
"3/1/1999","13.51%","25.32%","59.64%","3.97%","34.32%","46.13%"
"4/1/1999","11.17%","22.08%","50.35%","3.46%","28.27%","39.18%"
"5/1/1999","9.98%","19.01%","46.71%","3.25%","27.70%","36.73%"
"6/1/1999","8.96%","17.86%","41.19%","2.92%","23.33%","32.23%"
"7/1/1999","8.78%","19.15%","36.33%","2.62%","17.18%","27.55%"
"8/1/1999","9.28%","18.86%","39.38%","2.81%","20.52%","30.10%"
"9/1/1999","9.33%","18.05%","39.02%","2.78%","20.96%","29.68%"
"10/1/1999","9.32%","18.15%","40.44%","2.87%","22.29%","31.12%"
"11/1/1999","9.65%","17.89%","38.55%","2.75%","20.66%","28.90%"
"12/1/1999","9.23%","16.09%","36.33%","2.62%","20.24%","27.10%"
"1/1/2000","8.25%","12.59%","33.60%","2.44%","21.01%","25.35%"
"2/1/2000","8.89%","10.21%","29.19%","2.16%","18.98%","20.30%"
"3/1/2000","9.73%","10.90%","26.17%","1.96%","15.28%","16.45%"
"4/1/2000","9.96%","11.41%","26.80%","2.00%","15.40%","16.84%"
"5/1/2000","10.00%","11.72%","26.85%","2.00%","15.13%","16.85%"
"6/1/2000","9.68%","12.00%","29.65%","2.19%","17.65%","19.97%"
"7/1/2000","9.29%","12.20%","29.16%","2.16%","16.96%","19.87%"
"8/1/2000","9.10%","12.48%","29.88%","2.20%","17.40%","20.78%"
"9/1/2000","9.20%","12.94%","34.39%","2.49%","21.45%","25.20%"
"10/1/2000","8.99%","12.95%","34.62%","2.51%","21.67%","25.63%"
"11/1/2000","8.82%","13.08%","35.70%","2.58%","22.62%","26.88%"
"12/1/2000","8.75%","13.28%","35.53%","2.57%","22.25%","26.79%"
"1/1/2001","8.49%","13.50%","36.24%","2.61%","22.74%","27.75%"
"2/1/2001","8.06%","13.34%","39.04%","2.78%","25.70%","30.98%"
"3/1/2001","7.81%","13.02%","37.66%","2.70%","24.64%","29.85%"
"4/1/2001","7.98%","12.74%","37.24%","2.67%","24.50%","29.26%"
"5/1/2001","7.87%","12.72%","36.36%","2.62%","23.64%","28.49%"
"6/1/2001","7.93%","12.70%","37.75%","2.71%","25.05%","29.82%"
"7/1/2001","8.09%","12.66%","39.12%","2.79%","26.46%","31.03%"
"8/1/2001","8.03%","12.34%","36.38%","2.62%","24.04%","28.35%"
"9/1/2001","7.97%","11.86%","34.59%","2.51%","22.73%","26.62%"
"10/1/2001","8.01%","11.46%","34.83%","2.52%","23.37%","26.82%"
"11/1/2001","7.78%","11.48%","34.47%","2.50%","22.99%","26.69%"
"12/1/2001","7.65%","11.40%","33.72%","2.45%","22.32%","26.07%"
"1/1/2002","7.37%","11.21%","34.22%","2.48%","23.00%","26.85%"
"2/1/2002","6.70%","10.75%","33.52%","2.44%","22.78%","26.82%"
"3/1/2002","5.89%","10.60%","31.45%","2.31%","20.86%","25.56%"
"4/1/2002","5.65%","10.01%","31.55%","2.31%","21.54%","25.90%"
"5/1/2002","5.84%","9.07%","30.00%","2.21%","20.93%","24.16%"
"6/1/2002","6.25%","8.41%","29.94%","2.21%","21.53%","23.69%"
"7/1/2002","6.16%","7.86%","29.65%","2.19%","21.79%","23.49%"
"8/1/2002","5.98%","7.90%","30.02%","2.21%","22.12%","24.04%"
"9/1/2002","5.97%","7.93%","30.27%","2.23%","22.34%","24.30%"
"10/1/2002","6.37%","7.90%","30.45%","2.24%","22.55%","24.08%"
"11/1/2002","7.07%","7.89%","29.64%","2.19%","21.75%","22.57%"
"12/1/2002","6.99%","7.73%","29.54%","2.18%","21.81%","22.54%"
"1/1/2003","7.39%","7.68%","29.46%","2.17%","21.78%","22.07%"
"2/1/2003","7.24%","7.77%","29.67%","2.19%","21.90%","22.43%"
"3/1/2003","7.60%","7.76%","29.23%","2.16%","21.48%","21.63%"
"4/1/2003","7.85%","7.72%","29.72%","2.19%","22.00%","21.87%"
"5/1/2003","7.73%","7.79%","29.84%","2.20%","22.05%","22.11%"
"6/1/2003","7.21%","7.77%","28.80%","2.13%","21.03%","21.59%"
"7/1/2003","7.04%","7.82%","29.16%","2.16%","21.34%","22.12%"
"8/1/2003","7.26%","7.83%","29.82%","2.20%","21.99%","22.56%"
"9/1/2003","7.11%","7.80%","30.18%","2.22%","22.38%","23.07%"
"10/1/2003","6.58%","7.82%","30.06%","2.21%","22.24%","23.48%"
"11/1/2003","6.13%","7.93%","29.80%","2.20%","21.87%","23.67%"
"12/1/2003","6.49%","7.95%","29.72%","2.19%","21.77%","23.23%"
"1/1/2004","6.19%","7.98%","29.50%","2.18%","21.52%","23.31%"
"2/1/2004","6.28%","7.85%","29.61%","2.18%","21.76%","23.33%"
"3/1/2004","6.21%","7.80%","29.70%","2.19%","21.90%","23.49%"
"4/1/2004","5.49%","7.84%","29.67%","2.19%","21.83%","24.18%"
"5/1/2004","5.37%","7.81%","29.56%","2.18%","21.75%","24.19%"
"6/1/2004","6.07%","7.86%","29.50%","2.18%","21.64%","23.43%"
"7/1/2004","6.19%","7.83%","29.16%","2.16%","21.33%","22.97%"
"8/1/2004","5.89%","7.76%","28.92%","2.14%","21.16%","23.03%"
"9/1/2004","5.97%","7.74%","29.25%","2.16%","21.51%","23.28%"
"10/1/2004","5.90%","7.68%","28.63%","2.12%","20.95%","22.73%"
"11/1/2004","5.82%","7.67%","29.39%","2.17%","21.71%","23.57%"
"12/1/2004","5.50%","7.76%","29.23%","2.16%","21.47%","23.73%"
"1/1/2005","5.43%","7.67%","29.18%","2.16%","21.51%","23.75%"
"2/1/2005","5.25%","7.41%","29.10%","2.15%","21.69%","23.85%"
"3/1/2005","5.03%","7.34%","28.73%","2.13%","21.38%","23.70%"
"4/1/2005","5.01%","7.29%","28.79%","2.13%","21.49%","23.77%"
"5/1/2005","5.04%","7.18%","28.53%","2.11%","21.35%","23.49%"
"6/1/2005","4.83%","7.18%","28.27%","2.10%","21.09%","23.45%"
"7/1/2005","4.91%","7.10%","27.75%","2.06%","20.65%","22.84%"
"8/1/2005","4.88%","6.99%","27.36%","2.04%","20.37%","22.48%"
"9/1/2005","5.02%","6.84%","27.33%","2.03%","20.49%","22.31%"
"10/1/2005","5.27%","6.46%","26.89%","2.00%","20.43%","21.62%"
"11/1/2005","5.10%","6.41%","26.71%","1.99%","20.30%","21.62%"
"12/1/2005","4.85%","6.30%","26.23%","1.96%","19.93%","21.38%"
"1/1/2006","4.56%","6.14%","26.02%","1.95%","19.88%","21.46%"
"2/1/2006","4.19%","6.01%","26.27%","1.96%","20.26%","22.07%"
"3/1/2006","4.11%","5.97%","25.87%","1.94%","19.90%","21.76%"
"4/1/2006","4.12%","5.93%","25.13%","1.89%","19.20%","21.01%"
"5/1/2006","4.04%","5.97%","24.11%","1.82%","18.14%","20.07%"
"6/1/2006","3.94%","6.12%","23.41%","1.77%","17.29%","19.47%"
"7/1/2006","4.32%","6.51%","22.62%","1.71%","16.11%","18.30%"
"8/1/2006","4.72%","6.37%","22.53%","1.71%","16.16%","17.81%"
"9/1/2006","4.58%","6.42%","22.57%","1.71%","16.16%","18.00%"
"10/1/2006","4.19%","6.42%","22.61%","1.71%","16.18%","18.41%"
"11/1/2006","4.31%","6.68%","31.02%","2.28%","24.34%","26.71%"
"12/1/2006","4.48%","6.75%","31.02%","2.28%","24.27%","26.54%"
"1/1/2007","4.71%","6.81%","32.09%","2.35%","25.28%","27.38%"
"2/1/2007","5.25%","6.80%","32.09%","2.35%","25.29%","26.84%"
"3/1/2007","5.78%","7.52%","32.09%","2.35%","24.57%","26.30%"
"4/1/2007","6.26%","7.45%","25.12%","1.89%","17.67%","18.86%"
"5/1/2007","6.23%","7.61%","25.12%","1.89%","17.51%","18.89%"
"6/1/2007","6.03%","8.02%","25.12%","1.89%","17.10%","19.09%"
"7/1/2007","5.77%","8.29%","28.51%","2.11%","20.22%","22.74%"
"8/1/2007","5.22%","8.54%","28.51%","2.11%","19.97%","23.29%"
"9/1/2007","5.01%","8.89%","28.51%","2.11%","19.62%","23.50%"
"10/1/2007","5.16%","8.59%","31.89%","2.33%","23.30%","26.73%"
"11/1/2007","5.41%","8.67%","31.89%","2.33%","23.22%","26.48%"
"12/1/2007","5.69%","8.98%","31.89%","2.33%","22.91%","26.20%"
"1/1/2008","6.00%","9.12%","32.75%","2.39%","23.62%","26.75%"
"2/1/2008","6.35%","9.30%","32.75%","2.39%","23.45%","26.40%"
"3/1/2008","5.93%","9.59%","32.75%","2.39%","23.16%","26.82%"
"4/1/2008","5.73%","9.79%","32.88%","2.40%","23.09%","27.15%"
"5/1/2008","6.39%","9.59%","32.88%","2.40%","23.29%","26.49%"
"6/1/2008","7.18%","9.75%","32.88%","2.40%","23.13%","25.70%"
"7/1/2008","7.52%","9.61%","32.27%","2.36%","22.65%","24.75%"
"8/1/2008","7.87%","9.96%","32.27%","2.36%","22.30%","24.39%"
"9/1/2008","7.57%","9.92%","32.27%","2.36%","22.34%","24.70%"
"10/1/2008","7.94%","10.02%","31.53%","2.31%","21.51%","23.59%"
"11/1/2008","7.73%","10.13%","31.53%","2.31%","21.40%","23.80%"
"12/1/2008","7.67%","10.12%","31.53%","2.31%","21.41%","23.86%"
"1/1/2009","7.18%","9.69%","30.70%","2.26%","21.02%","23.52%"
"2/1/2009","6.47%","8.98%","30.70%","2.26%","21.73%","24.23%"
"3/1/2009","6.14%","8.17%","30.70%","2.26%","22.54%","24.56%"
"4/1/2009","5.73%","7.12%","30.42%","2.24%","23.30%","24.69%"
"5/1/2009","4.77%","6.20%","30.42%","2.24%","24.22%","25.65%"
"6/1/2009","3.81%","5.52%","30.42%","2.24%","24.90%","26.61%"
"7/1/2009","3.28%","5.15%","27.98%","2.08%","22.82%","24.70%"
"8/1/2009","3.13%","5.08%","27.98%","2.08%","22.89%","24.84%"
"9/1/2009","3.21%","4.89%","27.98%","2.08%","23.09%","24.77%"
"10/1/2009","2.72%","4.41%","25.92%","1.94%","21.51%","23.20%"
"11/1/2009","2.37%","4.40%","25.92%","1.94%","21.52%","23.55%"
"12/1/2009","2.00%","4.12%","25.92%","1.94%","21.80%","23.92%"
"1/1/2010","2.10%","4.04%","24.21%","1.82%","20.17%","22.11%"
"2/1/2010","2.09%","4.00%","24.21%","1.82%","20.21%","22.12%"
"3/1/2010","1.84%","3.93%","24.21%","1.82%","20.28%","22.37%"
"4/1/2010","1.98%","3.92%","22.97%","1.74%","19.05%","20.99%"
"5/1/2010","2.07%","3.63%","22.97%","1.74%","19.34%","20.90%"
"6/1/2010","2.25%","3.54%","22.97%","1.74%","19.43%","20.72%"
"7/1/2010","2.24%","3.52%","22.41%","1.70%","18.89%","20.17%"
"8/1/2010","2.31%","3.50%","22.41%","1.70%","18.91%","20.10%"
"9/1/2010","2.28%","3.47%","22.41%","1.70%","18.94%","20.13%"
"10/1/2010","2.33%","3.45%","21.32%","1.62%","17.87%","18.99%"
"11/1/2010","2.59%","3.44%","21.32%","1.62%","17.88%","18.73%"
"12/1/2010","3.17%","3.50%","21.32%","1.62%","17.82%","18.14%"
"1/1/2011","3.40%","3.48%","23.41%","1.77%","19.93%","20.01%"
"2/1/2011","3.17%","3.46%","23.41%","1.77%","19.95%","20.24%"
"3/1/2011","3.19%","3.59%","23.41%","1.77%","19.82%","20.22%"
"4/1/2011","2.84%","3.74%","26.53%","1.98%","22.79%","23.69%"
"5/1/2011","3.02%","3.88%","26.53%","1.98%","22.65%","23.51%"
"6/1/2011","3.23%","4.10%","26.53%","1.98%","22.43%","23.30%"
"7/1/2011","3.42%","4.21%","27.94%","2.07%","23.73%","24.52%"
"8/1/2011","3.27%","4.49%","27.94%","2.07%","23.45%","24.67%"
"9/1/2011","3.73%","4.61%","27.94%","2.07%","23.33%","24.21%"
"10/1/2011","4.02%","4.72%","29.09%","2.15%","24.37%","25.06%"
"11/1/2011","3.96%","5.08%","29.09%","2.15%","24.00%","25.12%"
"12/1/2011","3.73%","5.12%","29.09%","2.15%","23.96%","25.36%"
"1/1/2012","3.54%","5.13%","29.88%","2.20%","24.75%","26.34%"
"2/1/2012","3.55%","5.27%","29.88%","2.20%","24.61%","26.33%"
"3/1/2012","3.40%","5.36%","29.88%","2.20%","24.52%","26.48%"
"4/1/2012","3.43%","5.47%","30.78%","2.26%","25.31%","27.35%"
"5/1/2012","3.44%","5.45%","30.78%","2.26%","25.33%","27.34%"
"6/1/2012","3.20%","5.45%","30.78%","2.26%","25.33%","27.58%"
"7/1/2012","3.03%","5.44%","31.29%","2.29%","25.85%","28.26%"
"8/1/2012","3.11%","5.41%","31.29%","2.29%","25.88%","28.18%"
"9/1/2012","3.08%","5.32%","31.29%","2.29%","25.97%","28.21%"
"10/1/2012","3.06%","5.42%","31.34%","2.30%","25.91%","28.27%"
"11/1/2012","2.77%","5.31%","31.34%","2.30%","26.03%","28.57%"
"12/1/2012","2.44%","5.22%","31.34%","2.30%","26.11%","28.90%"
"1/1/2013","2.00%","5.12%","31.12%","2.28%","26.00%","29.12%"
"2/1/2013","1.83%","4.82%","31.12%","2.28%","26.30%","29.29%"
"3/1/2013","1.91%","4.57%","31.12%","2.28%","26.55%","29.21%"
"4/1/2013","2.02%","4.21%","31.25%","2.29%","27.03%","29.23%"
"5/1/2013","2.00%","3.98%","31.25%","2.29%","27.27%","29.24%"
"6/1/2013","2.16%","3.94%","31.25%","2.29%","27.30%","29.09%"
"7/1/2013","2.22%","3.98%","30.51%","2.24%","26.53%","28.29%"
"8/1/2013","2.27%","4.07%","30.51%","2.24%","26.44%","28.24%"
"9/1/2013","2.27%","4.07%","30.51%","2.24%","26.44%","28.24%"
"10/1/2013","1.84%","4.02%","29.78%","2.20%","25.75%","27.93%"
"11/1/2013","1.76%","4.03%","29.78%","2.20%","25.75%","28.02%"
"12/1/2013","1.94%","4.06%","29.78%","2.20%","25.71%","27.83%"
"1/1/2014","2.13%","4.03%","29.48%","2.18%","25.45%","27.35%"
"2/1/2014","2.32%","3.97%","29.48%","2.18%","25.50%","27.16%"
"3/1/2014","2.51%","3.89%","29.48%","2.18%","25.59%","26.96%"
"4/1/2014","2.72%","3.81%","29.45%","2.17%","25.63%","26.72%"
"5/1/2014","2.93%","3.79%","29.45%","2.17%","25.66%","26.52%"
"6/1/2014","2.79%","3.94%","29.45%","2.17%","25.50%","26.66%"
"7/1/2014","2.89%","4.06%","28.99%","2.14%","24.93%","26.11%"
"8/1/2014","3.02%","4.04%","28.99%","2.14%","24.95%","25.97%"
"9/1/2014","2.86%","4.26%","28.99%","2.14%","24.73%","26.13%"
"10/1/2014","3.29%","4.33%","28.76%","2.13%","24.43%","25.47%"
"11/1/2014","3.65%","4.36%","28.76%","2.13%","24.40%","25.11%"
"12/1/2014","3.66%","4.34%","28.76%","2.13%","24.42%","25.09%"
"1/1/2015","3.82%","4.47%","28.82%","2.13%","24.35%","25.00%"
"2/1/2015","4.36%","4.45%","28.82%","2.13%","24.37%","24.46%"
"3/1/2015","4.56%","4.41%","28.82%","2.13%","24.41%","24.26%"
"4/1/2015","4.64%","4.51%","29.06%","2.15%","24.55%","24.42%"
"5/1/2015","4.41%","4.42%","29.06%","2.15%","24.64%","24.65%"
"6/1/2015","4.42%","4.40%","29.06%","2.15%","24.66%","24.64%"
"7/1/2015","4.46%","4.52%","28.89%","2.14%","24.37%","24.43%"
"8/1/2015","4.74%","4.47%","28.89%","2.14%","24.42%","24.15%"
"9/1/2015","5.35%","4.41%","28.89%","2.14%","24.48%","23.54%"
"10/1/2015","5.89%","4.72%","28.99%","2.14%","24.27%","23.10%"
"11/1/2015","6.39%","4.92%","28.99%","2.14%","24.07%","22.60%"
"12/1/2015","6.77%","5.24%","28.99%","2.14%","23.75%","22.23%"
"1/1/2016","7.45%","5.74%","29.52%","2.18%","23.78%","22.07%"
"2/1/2016","7.59%","6.25%","29.52%","2.18%","23.27%","21.93%"
"3/1/2016","7.98%","6.35%","29.52%","2.18%","23.17%","21.54%"
"4/1/2016","7.93%","6.65%","30.81%","2.26%","24.16%","22.88%"
"5/1/2016","8.20%","6.83%","30.81%","2.26%","23.98%","22.61%"
"6/1/2016","8.60%","6.91%","30.81%","2.26%","23.90%","22.21%"
"7/1/2016","8.97%","7.26%","32.01%","2.34%","24.75%","23.04%"
"8/1/2016","8.10%","7.19%","32.01%","2.34%","24.82%","23.91%"
"9/1/2016","7.27%","7.18%","32.01%","2.34%","24.83%","24.74%"
"10/1/2016","6.48%","7.09%","32.99%","2.40%","25.90%","26.51%"
"11/1/2016","5.96%","7.01%","32.99%","2.40%","25.98%","27.03%"
"12/1/2016","5.75%","6.92%","32.99%","2.40%","26.07%","27.24%"
"1/1/2017","5.47%","6.94%","33.51%","2.44%","26.57%","28.04%"
"2/1/2017","5.18%","6.78%","33.51%","2.44%","26.73%","28.33%"
"3/1/2017","4.69%","6.65%","33.51%","2.44%","26.86%","28.82%"
"4/1/2017","4.66%","6.53%","33.49%","2.44%","26.96%","28.84%"
"5/1/2017","4.37%","6.17%","33.49%","2.44%","27.32%","29.12%"
"6/1/2017","3.99%","5.96%","33.49%","2.44%","27.53%","29.50%"
"7/1/2017","3.40%","5.65%","32.97%","2.40%","27.32%","29.57%"
"8/1/2017","3.87%","5.58%","32.97%","2.40%","27.39%","29.10%"
"9/1/2017","3.97%","5.52%","32.97%","2.40%","27.45%","29.00%"
"10/1/2017","4.05%","5.46%","31.72%","2.32%","26.27%","27.68%"
"11/1/2017","4.12%","5.35%","31.44%","2.30%","26.09%","27.32%"
"12/1/2017","4.09%","5.28%","31.16%","2.29%","25.87%","27.07%"
"1/1/2018","3.68%","5.21%","31.04%","2.28%","25.83%","27.36%"
"2/1/2018","3.37%","5.07%","31.52%","2.31%","26.45%","28.15%"
"3/1/2018","3.14%","5.01%","31.02%","2.28%","26.01%","27.88%"
"4/1/2018","3.13%","4.90%","30.72%","2.26%","25.82%","27.59%"
"5/1/2018","3.16%","4.70%","30.66%","2.25%","25.96%","27.50%"
"6/1/2018","3.20%","4.60%","30.42%","2.24%","25.82%","27.22%"
"7/1/2018","3.12%","4.57%","30.04%","2.21%","25.47%","26.92%"
"8/1/2018","3.10%","4.53%","29.91%","2.20%","25.38%","26.81%"
"9/1/2018","3.23%","4.53%","29.72%","2.19%","25.19%","26.49%"
"10/1/2018","3.33%","4.43%","29.45%","2.17%","25.02%","26.12%"
"11/1/2018","3.27%","4.42%","29.24%","2.16%","24.82%","25.97%"
"12/1/2018","3.18%","4.54%","29.10%","2.15%","24.56%","25.92%"
"1/1/2019","3.15%","4.56%","28.74%","2.13%","24.18%","25.59%"
"2/1/2019","3.01%","4.57%","29.55%","2.18%","24.98%","26.54%"
"3/1/2019","3.21%","4.55%","29.06%","2.15%","24.51%","25.85%"
"4/1/2019","3.25%","4.54%","28.98%","2.14%","24.44%","25.73%"
"5/1/2019","3.31%","4.50%","29.01%","2.15%","24.51%","25.70%"
"6/1/2019","3.43%","4.52%","28.95%","2.14%","24.43%","25.52%"
"7/1/2019","3.79%","4.47%","28.92%","2.14%","24.45%","25.13%"
"8/1/2019","3.75%","4.43%","28.98%","2.14%","24.55%","25.23%"
"9/1/2019","3.82%","4.48%","28.98%","2.14%","24.50%","25.16%"
"10/1/2019","3.86%","4.41%","28.65%","2.12%","24.24%","24.79%"
"11/1/2019","3.84%","4.43%","28.55%","2.11%","24.12%","24.71%"
"12/1/2019","3.80%","4.52%","28.37%","2.10%","23.85%","24.57%"
"1/1/2020","3.62%","4.54%","28.16%","2.09%","23.62%","24.54%"
"2/1/2020","3.72%","4.46%","28.59%","2.12%","24.13%","24.87%"
"3/1/2020","3.86%","4.50%","28.43%","2.11%","23.93%","24.57%"
"4/1/2020","3.51%","4.55%","28.04%","2.08%","23.49%","24.53%"
"5/1/2020","2.85%","4.29%","27.29%","2.03%","23.00%","24.44%"
"6/1/2020","2.19%","3.76%","27.18%","2.02%","23.42%","24.99%"
"7/1/2020","1.97%","3.34%","27.18%","2.02%","23.84%","25.21%"
"8/1/2020","1.88%","2.79%","27.44%","2.04%","24.65%","25.56%"
"9/1/2020","1.97%","2.39%","27.53%","2.05%","25.14%","25.56%"
"10/1/2020","1.75%","2.03%","27.14%","2.02%","25.11%","25.39%"
"11/1/2020","1.49%","1.96%","26.76%","2.00%","24.80%","25.27%"
"12/1/2020","1.61%","1.93%","26.19%","1.96%","24.26%","24.58%"
"1/1/2021","1.60%","1.91%","25.98%","1.94%","24.07%","24.38%"
"2/1/2021","1.56%","1.81%","26.31%","1.97%","24.50%","24.75%"
"3/1/2021","1.51%","1.77%","26.11%","1.95%","24.34%","24.61%"
"4/1/2021","1.95%","1.76%","25.96%","1.94%","24.20%","24.02%"
"5/1/2021","3.30%","1.82%","25.83%","1.93%","24.01%","22.53%"
"6/1/2021","3.63%","1.91%","25.81%","1.93%","23.90%","22.18%"
"7/1/2021","3.97%","1.90%","25.77%","1.93%","23.87%","21.80%"
"8/1/2021","4.44%","1.99%","25.86%","1.94%","23.87%","21.42%"
"9/1/2021","4.51%","2.05%","25.79%","1.93%","23.74%","21.28%"
"10/1/2021","4.58%","2.22%","25.62%","1.92%","23.40%","21.04%"
"11/1/2021","5.26%","2.65%","25.91%","1.94%","23.25%","20.64%"
"12/1/2021","5.62%","3.08%","26.19%","1.96%","23.11%","20.57%"
"1/1/2022","6.94%","3.47%","26.49%","1.98%","23.02%","19.55%"
"2/1/2022","8.01%","4.31%","27.45%","2.04%","23.14%","19.44%"
"3/1/2022","8.53%","4.97%","27.71%","2.06%","22.74%","19.18%"
"4/1/2022","9.23%","5.97%","28.57%","2.12%","22.61%","19.35%"
"5/1/2022","9.07%","7.04%","29.56%","2.18%","22.52%","20.49%"
"6/1/2022","9.67%","7.72%","30.60%","2.25%","22.88%","20.93%"
"7/1/2022","10.21%","9.30%","31.92%","2.34%","22.62%","21.71%"
"8/1/2022","10.84%","10.57%","33.31%","2.43%","22.74%","22.48%"
"9/1/2022","11.44%","10.99%","35.25%","2.55%","24.26%","23.81%"
"10/1/2022","12.22%","11.60%","36.92%","2.65%","25.32%","24.70%"
"11/1/2022","12.53%","12.63%","38.67%","2.76%","26.04%","26.14%"
"12/1/2022","13.12%","13.42%","41.46%","2.93%","28.04%","28.34%"
"1/1/2023","13.25%","13.91%","43.26%","3.04%","29.35%","30.01%"
"2/1/2023","13.28%","14.39%","45.27%","3.16%","30.88%","31.99%"
"3/1/2023","13.34%","13.31%","46.26%","3.22%","32.95%","32.92%"
"4/1/2023","12.82%","12.53%","47.09%","3.27%","34.56%","34.27%"
"5/1/2023","12.36%","12.57%","45.41%","3.17%","32.84%","33.05%"
"6/1/2023","12.13%","13.02%","44.64%","3.12%","31.62%","32.51%"
"7/1/2023","11.78%","13.58%","44.04%","3.09%","30.46%","32.26%"
"8/1/2023","11.43%","13.71%","43.13%","3.03%","29.42%","31.70%"
"9/1/2023","10.99%","13.07%","42.05%","2.97%","28.98%","31.06%"
"10/1/2023","10.48%","13.09%","39.80%","2.83%","26.71%","29.32%"
"11/1/2023","10.15%","12.76%","38.28%","2.74%","25.52%","28.13%"
"12/1/2023","9.28%","12.63%","37.56%","2.69%","24.93%","28.28%"
"1/1/2024","8.35%","11.62%","34.98%","2.53%","23.36%","26.63%"
"2/1/2024","7.74%","11.07%","34.97%","2.53%","23.90%","27.23%"
"3/1/2024","7.36%","10.85%","33.30%","2.42%","22.45%","25.94%"
"4/1/2024","7.16%","10.56%","33.09%","2.41%","22.53%","25.93%"
"5/1/2024","7.16%","10.24%","31.53%","2.31%","21.29%","24.37%"
"01/06/2024","7.18%","10.14%","30.84%","2.27%","20.70%","23.66%"
"01/07/2024","6.86%","10.08%","29.49%","2.18%","19.41%","22.63%"
"01/08/2024","6.12%","9.90%","29.21%","2.16%","19.31%","23.09%"
"01/09/2024","","","28.85%","2.13%","28.85%","28.85%"
"01/10/2024","","","28.17%","","",""
"","","","","","",""
"","","","","","",""
"","","","","","",""
"","","","","","",""
"","","","","","",""
"","","","","","",""
"","","","","","",""
"","","","","","",""
"","","","","","",""
"","","","","","",""
"","","","","","",""
"","","","","","",""
"","","","","","",""
"","","","","","",""
"","","","","","",""
"","","","","","",""
"","","","","","",""
"","","","","","",""
"","","","","","",""
"","","","","","",""
"","","","","","",""
"","","","","","",""
"","","","","","",""
"","","","","","",""
"","","","","","",""
"","","","","","",""
"","","","","","",""
"","","","","","",""
"","","","","","",""
"","","","","","",""
"","","","","","",""
"","","","","","",""
"","","","","","",""
"","","","","","",""
"","","","","","",""
"","","","","","",""
"","","","","","",""
"","","","","","",""
"","","","","","",""
"","","","","","",""
"","","","","","",""
"","","","","","",""
"","","","","","",""
"","","","","","",""
"","","","","","",""
"","","","","","",""
"","","","","","",""
"","","","","","",""
"","","","","","",""
"","","","","","",""
"","","","","","",""
"","","","","","",""
"","","","","","",""
"","","","","","",""
"","","","","","",""
"","","","","","",""
"","","","","","",""
"","","","","","",""
"","","","","","",""
"","","","","","",""
"","","","","","",""
"","","","","","",""
"","","","","","",""
"","","","","","",""
"","","","","","",""
"","","","","","",""
"","","","","","",""
"","","","","","",""
"","","","","","",""
"","","","","","",""
"","","","","","",""
"","","","","","",""
"","","","","","",""
"","","","","","",""
"","","","","","",""
"","","","","","",""
"","","","","","",""
"","","","","","",""
"","","","","","",""
"","","","","","",""
"","","","","","",""
"","","","","","",""
"","","","","","",""
"","","","","","",""
"","","","","","",""
"","","","","","",""
"","","","","","",""
"","","","","","",""
"","","","","","",""
"","","","","","",""
"","","","","","",""
"","","","","","",""
"","","","","","",""
"","","","","","",""
"","","","","","",""
"","","","","","",""
"","","","","","",""
"","","","","","",""
"","","","","","",""
"","","","","","",""
"","","","","","",""
"","","","","","",""
"","","","","","",""
"","","","","","",""
"","","","","","",""
"","","","","","",""
"","","","","","",""
"","","","","","",""
"","","","","","",""
"","","","","","",""
"","","","","","",""
"","","","","","",""
"","","","","","",""
"","","","","","",""
"","","","","","",""
"","","","","","",""
"","","","","","",""
"","","","","","",""
"","","","","","",""
"","","","","","",""
"","","","","","",""
"","","","","","",""
"","","","","","",""
"","","","","","",""
"","","","","","",""
"","","","","","",""
"","","","","","",""
"","","","","","",""
"","","","","","",""
"","","","","","",""
"","","","","","",""
"","","","","","",""
"","","","","","",""
"","","","","","",""
"","","","","","",""
"","","","","","",""
"","","","","","",""
"","","","","","",""
"","","","","","",""
"","","","","","",""
"","","","","","",""
"","","","","","",""
"","","","","","",""
"","","","","","",""
"","","","","","",""
"","","","","","",""
"","","","","","",""
"","","","","","",""
"","","","","","",""
"","","","","","",""
"","","","","","",""
"","","","","","",""
"","","","","","",""
"","","","","","",""
"","","","","","",""
"","","","","","",""
"","","","","","",""
"","","","","","",""
"","","","","","",""
"","","","","","",""
"","","","","","",""
"","","","","","",""
"","","","","","",""
"","","","","","",""
"","","","","","",""
"","","","","","",""
"","","","","","",""
